patient_id,department,arrival_time,triage_time,doctor_time
P001,Gynaecology,2025-05-05 15:09:00,2025-05-05 15:15:00,2025-05-05 16:04:00
P002,Surgery,2025-05-03 23:24:00,2025-05-03 23:46:00,2025-05-04 00:28:00
P003,Surgery,2025-05-11 02:52:00,2025-05-11 03:01:00,2025-05-11 04:42:00
P004,Gynaecology,2025-05-06 16:48:00,2025-05-06 16:57:00,2025-05-06 18:55:00
P005,Psychiatry,2025-05-22 17:10:00,2025-05-22 17:24:00,2025-05-22 18:49:00
P006,Surgery,2025-05-20 05:23:00,2025-05-20 05:46:00,2025-05-20 07:05:00
P007,Internal,2025-05-17 15:45:00,2025-05-17 15:55:00,2025-05-17 17:49:00
P008,Emergency,2025-05-10 23:04:00,2025-05-10 23:11:00,2025-05-10 23:59:00
P009,Internal,2025-05-22 00:01:00,2025-05-22 00:20:00,2025-05-22 01:54:00
P010,Emergency,2025-05-14 16:31:00,2025-05-14 16:43:00,2025-05-14 18:40:00
P011,Internal,2025-05-19 08:36:00,2025-05-19 08:51:00,2025-05-19 09:32:00
P012,Outpatient,2025-05-14 20:15:00,2025-05-14 20:28:00,2025-05-14 21:17:00
P013,Psychiatry,2025-05-30 17:26:00,2025-05-30 17:53:00,2025-05-30 19:16:00
P014,Outpatient,2025-05-01 05:57:00,2025-05-01 06:21:00,2025-05-01 06:50:00
P015,Surgery,2025-05-20 12:42:00,2025-05-20 12:58:00,2025-05-20 13:54:00
P016,Gynaecology,2025-05-06 07:24:00,2025-05-06 07:53:00,2025-05-06 08:54:00
P017,Gynaecology,2025-05-12 01:37:00,2025-05-12 01:44:00,2025-05-12 02:11:00
P018,Emergency,2025-05-28 10:08:00,2025-05-28 10:37:00,2025-05-28 11:05:00
P019,Emergency,2025-05-30 13:34:00,2025-05-30 13:46:00,2025-05-30 14:07:00
P020,Gynaecology,2025-05-11 23:05:00,2025-05-11 23:14:00,2025-05-11 23:39:00
P021,Surgery,2025-05-07 03:01:00,2025-05-07 03:19:00,2025-05-07 03:52:00
P022,Surgery,2025-05-11 09:00:00,2025-05-11 09:09:00,2025-05-11 11:03:00
P023,Gynaecology,2025-05-28 12:19:00,2025-05-28 12:47:00,2025-05-28 13:29:00
P024,Gynaecology,2025-05-03 19:43:00,2025-05-03 19:49:00,2025-05-03 21:18:00
P025,Psychiatry,2025-05-05 21:03:00,2025-05-05 21:17:00,2025-05-05 22:39:00
P026,Psychiatry,2025-05-19 12:25:00,2025-05-19 12:33:00,2025-05-19 12:58:00
P027,Pediatrics,2025-05-04 15:08:00,2025-05-04 15:33:00,2025-05-04 15:53:00
P028,Pediatrics,2025-05-06 08:40:00,2025-05-06 09:01:00,2025-05-06 10:24:00
P029,Outpatient,2025-05-14 12:06:00,2025-05-14 12:34:00,2025-05-14 13:46:00
P030,Surgery,2025-05-09 17:30:00,2025-05-09 17:40:00,2025-05-09 18:17:00
P031,Surgery,2025-05-07 02:30:00,2025-05-07 02:58:00,2025-05-07 04:43:00
P032,Outpatient,2025-05-03 03:27:00,2025-05-03 03:42:00,2025-05-03 05:25:00
P033,Surgery,2025-05-06 03:42:00,2025-05-06 03:58:00,2025-05-06 05:24:00
P034,Psychiatry,2025-05-11 00:57:00,2025-05-11 01:07:00,2025-05-11 01:27:00
P035,Psychiatry,2025-05-24 17:10:00,2025-05-24 17:19:00,2025-05-24 18:15:00
P036,Psychiatry,2025-05-12 23:08:00,2025-05-12 23:15:00,2025-05-13 01:00:00
P037,Pediatrics,2025-05-17 17:55:00,2025-05-17 18:22:00,2025-05-17 20:03:00
P038,Gynaecology,2025-05-19 19:59:00,2025-05-19 20:04:00,2025-05-19 20:44:00
P039,Internal,2025-05-16 04:37:00,2025-05-16 05:00:00,2025-05-16 06:03:00
P040,Internal,2025-05-12 09:05:00,2025-05-12 09:11:00,2025-05-12 10:27:00
P041,Internal,2025-05-02 08:25:00,2025-05-02 08:52:00,2025-05-02 09:41:00
P042,Internal,2025-05-30 04:42:00,2025-05-30 04:57:00,2025-05-30 05:47:00
P043,Surgery,2025-05-05 17:08:00,2025-05-05 17:37:00,2025-05-05 19:05:00
P044,Gynaecology,2025-05-25 23:54:00,2025-05-26 00:23:00,2025-05-26 01:08:00
P045,Gynaecology,2025-05-22 14:36:00,2025-05-22 14:50:00,2025-05-22 16:20:00
P046,Emergency,2025-05-06 10:59:00,2025-05-06 11:18:00,2025-05-06 12:27:00
P047,Surgery,2025-05-20 22:28:00,2025-05-20 22:51:00,2025-05-21 00:27:00
P048,Pediatrics,2025-05-25 03:19:00,2025-05-25 03:48:00,2025-05-25 04:19:00
P049,Outpatient,2025-05-18 16:15:00,2025-05-18 16:35:00,2025-05-18 17:09:00
P050,Outpatient,2025-05-09 15:29:00,2025-05-09 15:34:00,2025-05-09 16:13:00
P051,Psychiatry,2025-05-02 00:40:00,2025-05-02 00:46:00,2025-05-02 01:50:00
P052,Surgery,2025-05-19 02:38:00,2025-05-19 03:04:00,2025-05-19 04:01:00
P053,Psychiatry,2025-05-30 14:45:00,2025-05-30 15:03:00,2025-05-30 16:15:00
P054,Outpatient,2025-05-23 20:33:00,2025-05-23 21:01:00,2025-05-23 22:22:00
P055,Pediatrics,2025-05-11 01:53:00,2025-05-11 02:21:00,2025-05-11 03:33:00
P056,Internal,2025-05-11 00:05:00,2025-05-11 00:13:00,2025-05-11 01:26:00
P057,Emergency,2025-05-09 22:04:00,2025-05-09 22:13:00,2025-05-09 23:41:00
P058,Internal,2025-05-09 09:41:00,2025-05-09 10:04:00,2025-05-09 10:25:00
P059,Surgery,2025-05-14 04:04:00,2025-05-14 04:28:00,2025-05-14 06:00:00
P060,Emergency,2025-05-08 21:09:00,2025-05-08 21:35:00,2025-05-08 22:00:00
P061,Psychiatry,2025-05-17 18:39:00,2025-05-17 19:03:00,2025-05-17 20:43:00
P062,Surgery,2025-05-27 00:39:00,2025-05-27 01:08:00,2025-05-27 01:30:00
P063,Emergency,2025-05-03 05:45:00,2025-05-03 05:51:00,2025-05-03 07:07:00
P064,Pediatrics,2025-05-18 02:16:00,2025-05-18 02:30:00,2025-05-18 02:55:00
P065,Gynaecology,2025-05-04 05:19:00,2025-05-04 05:29:00,2025-05-04 06:17:00
P066,Internal,2025-05-14 06:29:00,2025-05-14 06:38:00,2025-05-14 07:13:00
P067,Internal,2025-05-08 14:46:00,2025-05-08 15:14:00,2025-05-08 16:07:00
P068,Internal,2025-05-25 01:42:00,2025-05-25 02:08:00,2025-05-25 03:53:00
P069,Surgery,2025-05-16 17:32:00,2025-05-16 17:38:00,2025-05-16 19:24:00
P070,Surgery,2025-05-21 20:07:00,2025-05-21 20:25:00,2025-05-21 22:09:00
P071,Pediatrics,2025-05-27 08:42:00,2025-05-27 09:09:00,2025-05-27 10:07:00
P072,Emergency,2025-05-05 16:05:00,2025-05-05 16:21:00,2025-05-05 17:39:00
P073,Outpatient,2025-05-14 22:22:00,2025-05-14 22:31:00,2025-05-14 22:57:00
P074,Outpatient,2025-05-29 13:15:00,2025-05-29 13:23:00,2025-05-29 13:49:00
P075,Pediatrics,2025-05-09 10:20:00,2025-05-09 10:43:00,2025-05-09 12:25:00
P076,Emergency,2025-05-15 06:22:00,2025-05-15 06:28:00,2025-05-15 07:42:00
P077,Psychiatry,2025-05-11 20:51:00,2025-05-11 21:09:00,2025-05-11 22:42:00
P078,Emergency,2025-05-08 20:19:00,2025-05-08 20:37:00,2025-05-08 22:09:00
P079,Outpatient,2025-05-08 22:23:00,2025-05-08 22:40:00,2025-05-08 23:28:00
P080,Surgery,2025-05-26 11:50:00,2025-05-26 12:17:00,2025-05-26 13:51:00
P081,Psychiatry,2025-05-14 10:49:00,2025-05-14 11:07:00,2025-05-14 12:36:00
P082,Gynaecology,2025-05-30 02:02:00,2025-05-30 02:08:00,2025-05-30 02:51:00
P083,Internal,2025-05-26 12:16:00,2025-05-26 12:31:00,2025-05-26 13:07:00
P084,Pediatrics,2025-05-13 09:43:00,2025-05-13 10:09:00,2025-05-13 10:32:00
P085,Internal,2025-05-03 12:18:00,2025-05-03 12:42:00,2025-05-03 14:24:00
P086,Pediatrics,2025-05-28 09:52:00,2025-05-28 10:06:00,2025-05-28 11:34:00
P087,Psychiatry,2025-05-18 13:11:00,2025-05-18 13:16:00,2025-05-18 14:28:00
P088,Internal,2025-05-17 07:33:00,2025-05-17 07:58:00,2025-05-17 09:24:00
P089,Psychiatry,2025-05-10 07:14:00,2025-05-10 07:38:00,2025-05-10 08:06:00
P090,Outpatient,2025-05-15 12:12:00,2025-05-15 12:22:00,2025-05-15 14:06:00
P091,Emergency,2025-05-28 02:01:00,2025-05-28 02:18:00,2025-05-28 03:09:00
P092,Emergency,2025-05-18 12:05:00,2025-05-18 12:28:00,2025-05-18 13:18:00
P093,Outpatient,2025-05-30 07:24:00,2025-05-30 07:32:00,2025-05-30 09:03:00
P094,Psychiatry,2025-05-08 21:01:00,2025-05-08 21:08:00,2025-05-08 21:39:00
P095,Surgery,2025-05-19 03:54:00,2025-05-19 04:18:00,2025-05-19 05:48:00
P096,Outpatient,2025-05-25 02:16:00,2025-05-25 02:43:00,2025-05-25 04:09:00
P097,Outpatient,2025-05-13 20:17:00,2025-05-13 20:28:00,2025-05-13 21:44:00
P098,Outpatient,2025-05-15 06:22:00,2025-05-15 06:35:00,2025-05-15 08:14:00
P099,Pediatrics,2025-05-09 12:02:00,2025-05-09 12:11:00,2025-05-09 13:33:00
P100,Surgery,2025-05-10 03:10:00,2025-05-10 03:22:00,2025-05-10 04:26:00
P101,Pediatrics,2025-05-11 10:50:00,2025-05-11 10:58:00,2025-05-11 11:59:00
P102,Gynaecology,2025-05-10 08:53:00,2025-05-10 09:17:00,2025-05-10 11:05:00
P103,Internal,2025-05-22 14:35:00,2025-05-22 14:54:00,2025-05-22 15:52:00
P104,Emergency,2025-05-05 09:14:00,2025-05-05 09:28:00,2025-05-05 09:51:00
P105,Internal,2025-05-01 11:40:00,2025-05-01 11:49:00,2025-05-01 13:07:00
P106,Internal,2025-05-10 14:54:00,2025-05-10 15:12:00,2025-05-10 15:49:00
P107,Internal,2025-05-03 19:43:00,2025-05-03 19:50:00,2025-05-03 21:08:00
P108,Outpatient,2025-05-10 13:48:00,2025-05-10 14:09:00,2025-05-10 14:47:00
P109,Gynaecology,2025-05-16 11:44:00,2025-05-16 11:54:00,2025-05-16 12:58:00
P110,Pediatrics,2025-05-09 11:38:00,2025-05-09 12:04:00,2025-05-09 13:26:00
P111,Pediatrics,2025-05-02 14:07:00,2025-05-02 14:12:00,2025-05-02 15:43:00
P112,Emergency,2025-05-27 01:13:00,2025-05-27 01:32:00,2025-05-27 01:54:00
P113,Surgery,2025-05-16 10:14:00,2025-05-16 10:41:00,2025-05-16 12:28:00
P114,Surgery,2025-05-13 22:04:00,2025-05-13 22:12:00,2025-05-13 23:17:00
P115,Surgery,2025-05-30 18:40:00,2025-05-30 19:07:00,2025-05-30 20:55:00
P116,Gynaecology,2025-05-01 19:55:00,2025-05-01 20:19:00,2025-05-01 20:46:00
P117,Emergency,2025-05-28 20:37:00,2025-05-28 21:03:00,2025-05-28 22:16:00
P118,Emergency,2025-05-21 19:00:00,2025-05-21 19:14:00,2025-05-21 21:00:00
P119,Pediatrics,2025-05-17 04:54:00,2025-05-17 05:07:00,2025-05-17 06:05:00
P120,Pediatrics,2025-05-27 14:19:00,2025-05-27 14:36:00,2025-05-27 15:55:00
P121,Emergency,2025-05-14 05:14:00,2025-05-14 05:32:00,2025-05-14 07:00:00
P122,Gynaecology,2025-05-22 05:17:00,2025-05-22 05:31:00,2025-05-22 07:25:00
P123,Surgery,2025-05-28 09:12:00,2025-05-28 09:30:00,2025-05-28 11:15:00
P124,Internal,2025-05-05 03:01:00,2025-05-05 03:08:00,2025-05-05 03:47:00
P125,Pediatrics,2025-05-06 07:57:00,2025-05-06 08:10:00,2025-05-06 09:41:00
P126,Pediatrics,2025-05-05 06:34:00,2025-05-05 06:55:00,2025-05-05 08:18:00
P127,Gynaecology,2025-05-01 02:35:00,2025-05-01 02:40:00,2025-05-01 04:22:00
P128,Gynaecology,2025-05-22 04:51:00,2025-05-22 05:14:00,2025-05-22 06:48:00
P129,Surgery,2025-05-07 10:28:00,2025-05-07 10:47:00,2025-05-07 11:09:00
P130,Surgery,2025-05-20 13:16:00,2025-05-20 13:42:00,2025-05-20 15:05:00
P131,Pediatrics,2025-05-04 00:28:00,2025-05-04 00:54:00,2025-05-04 02:12:00
P132,Outpatient,2025-05-03 01:55:00,2025-05-03 02:23:00,2025-05-03 02:56:00
P133,Gynaecology,2025-05-02 06:52:00,2025-05-02 07:14:00,2025-05-02 07:53:00
P134,Internal,2025-05-13 09:07:00,2025-05-13 09:31:00,2025-05-13 10:01:00
P135,Surgery,2025-05-11 06:19:00,2025-05-11 06:29:00,2025-05-11 07:16:00
P136,Internal,2025-05-30 08:20:00,2025-05-30 08:41:00,2025-05-30 09:57:00
P137,Pediatrics,2025-05-26 13:38:00,2025-05-26 14:01:00,2025-05-26 14:45:00
P138,Surgery,2025-05-05 12:22:00,2025-05-05 12:28:00,2025-05-05 13:41:00
P139,Gynaecology,2025-05-22 23:34:00,2025-05-23 00:03:00,2025-05-23 01:46:00
P140,Pediatrics,2025-05-14 05:24:00,2025-05-14 05:52:00,2025-05-14 06:22:00
P141,Emergency,2025-05-30 10:34:00,2025-05-30 10:53:00,2025-05-30 11:27:00
P142,Gynaecology,2025-05-05 06:44:00,2025-05-05 06:59:00,2025-05-05 07:45:00
P143,Surgery,2025-05-16 01:53:00,2025-05-16 02:12:00,2025-05-16 03:22:00
P144,Psychiatry,2025-05-27 18:29:00,2025-05-27 18:51:00,2025-05-27 19:39:00
P145,Pediatrics,2025-05-12 07:55:00,2025-05-12 08:07:00,2025-05-12 09:32:00
P146,Outpatient,2025-05-14 15:14:00,2025-05-14 15:40:00,2025-05-14 16:23:00
P147,Internal,2025-05-10 17:35:00,2025-05-10 17:44:00,2025-05-10 18:12:00
P148,Psychiatry,2025-05-21 08:17:00,2025-05-21 08:29:00,2025-05-21 09:08:00
P149,Internal,2025-05-14 02:04:00,2025-05-14 02:17:00,2025-05-14 02:45:00
P150,Surgery,2025-05-08 22:28:00,2025-05-08 22:53:00,2025-05-08 23:22:00
P151,Outpatient,2025-05-06 16:41:00,2025-05-06 16:55:00,2025-05-06 18:48:00
P152,Emergency,2025-05-17 17:14:00,2025-05-17 17:28:00,2025-05-17 19:06:00
P153,Surgery,2025-05-21 10:34:00,2025-05-21 10:44:00,2025-05-21 12:00:00
P154,Emergency,2025-05-20 02:25:00,2025-05-20 02:35:00,2025-05-20 04:19:00
P155,Gynaecology,2025-05-20 08:52:00,2025-05-20 09:14:00,2025-05-20 09:41:00
P156,Surgery,2025-05-18 01:23:00,2025-05-18 01:35:00,2025-05-18 02:40:00
P157,Gynaecology,2025-05-01 01:13:00,2025-05-01 01:30:00,2025-05-01 03:29:00
P158,Pediatrics,2025-05-05 21:35:00,2025-05-05 21:50:00,2025-05-05 22:29:00
P159,Psychiatry,2025-05-08 06:23:00,2025-05-08 06:37:00,2025-05-08 07:14:00
P160,Gynaecology,2025-05-05 11:49:00,2025-05-05 12:13:00,2025-05-05 14:04:00
P161,Internal,2025-05-24 01:10:00,2025-05-24 01:26:00,2025-05-24 02:33:00
P162,Emergency,2025-05-07 15:27:00,2025-05-07 15:41:00,2025-05-07 17:37:00
P163,Outpatient,2025-05-18 11:07:00,2025-05-18 11:13:00,2025-05-18 12:18:00
P164,Internal,2025-05-04 04:06:00,2025-05-04 04:20:00,2025-05-04 05:03:00
P165,Surgery,2025-05-01 07:39:00,2025-05-01 08:05:00,2025-05-01 08:52:00
P166,Psychiatry,2025-05-21 09:27:00,2025-05-21 09:33:00,2025-05-21 11:07:00
P167,Surgery,2025-05-04 08:13:00,2025-05-04 08:39:00,2025-05-04 09:15:00
P168,Internal,2025-05-09 14:06:00,2025-05-09 14:33:00,2025-05-09 15:27:00
P169,Gynaecology,2025-05-10 20:17:00,2025-05-10 20:46:00,2025-05-10 21:26:00
P170,Outpatient,2025-05-24 23:56:00,2025-05-25 00:13:00,2025-05-25 01:21:00
P171,Emergency,2025-05-20 21:39:00,2025-05-20 21:45:00,2025-05-20 23:08:00
P172,Gynaecology,2025-05-01 21:50:00,2025-05-01 22:02:00,2025-05-01 22:47:00
P173,Outpatient,2025-05-16 07:28:00,2025-05-16 07:56:00,2025-05-16 09:50:00
P174,Emergency,2025-05-01 03:48:00,2025-05-01 04:02:00,2025-05-01 05:47:00
P175,Outpatient,2025-05-20 15:04:00,2025-05-20 15:28:00,2025-05-20 16:22:00
P176,Emergency,2025-05-19 21:51:00,2025-05-19 22:04:00,2025-05-19 22:36:00
P177,Internal,2025-05-28 02:46:00,2025-05-28 03:13:00,2025-05-28 05:01:00
P178,Pediatrics,2025-05-02 03:07:00,2025-05-02 03:13:00,2025-05-02 04:42:00
P179,Psychiatry,2025-05-17 12:51:00,2025-05-17 13:05:00,2025-05-17 14:35:00
P180,Internal,2025-05-14 03:14:00,2025-05-14 03:28:00,2025-05-14 05:01:00
P181,Gynaecology,2025-05-27 01:10:00,2025-05-27 01:38:00,2025-05-27 02:30:00
P182,Outpatient,2025-05-27 17:41:00,2025-05-27 17:58:00,2025-05-27 18:53:00
P183,Gynaecology,2025-05-27 01:46:00,2025-05-27 01:52:00,2025-05-27 03:05:00
P184,Emergency,2025-05-24 02:36:00,2025-05-24 03:00:00,2025-05-24 04:12:00
P185,Gynaecology,2025-05-04 21:51:00,2025-05-04 22:15:00,2025-05-04 23:34:00
P186,Surgery,2025-05-03 17:17:00,2025-05-03 17:28:00,2025-05-03 18:59:00
P187,Surgery,2025-05-13 04:28:00,2025-05-13 04:57:00,2025-05-13 06:15:00
P188,Psychiatry,2025-05-29 07:42:00,2025-05-29 08:06:00,2025-05-29 09:44:00
P189,Emergency,2025-05-13 18:06:00,2025-05-13 18:18:00,2025-05-13 19:23:00
P190,Surgery,2025-05-27 14:12:00,2025-05-27 14:30:00,2025-05-27 16:13:00
P191,Gynaecology,2025-05-06 19:41:00,2025-05-06 20:09:00,2025-05-06 21:15:00
P192,Pediatrics,2025-05-12 02:47:00,2025-05-12 03:00:00,2025-05-12 04:11:00
P193,Pediatrics,2025-05-02 22:44:00,2025-05-02 23:05:00,2025-05-03 00:54:00
P194,Outpatient,2025-05-26 12:52:00,2025-05-26 13:02:00,2025-05-26 13:48:00
P195,Emergency,2025-05-05 13:59:00,2025-05-05 14:23:00,2025-05-05 16:07:00
P196,Emergency,2025-05-28 10:41:00,2025-05-28 10:58:00,2025-05-28 12:08:00
P197,Psychiatry,2025-05-27 18:29:00,2025-05-27 18:52:00,2025-05-27 20:25:00
P198,Pediatrics,2025-05-23 22:20:00,2025-05-23 22:34:00,2025-05-23 23:47:00
P199,Surgery,2025-05-03 07:50:00,2025-05-03 07:57:00,2025-05-03 08:24:00
P200,Gynaecology,2025-05-04 10:41:00,2025-05-04 10:51:00,2025-05-04 11:32:00
P201,Psychiatry,2025-05-04 19:26:00,2025-05-04 19:41:00,2025-05-04 20:19:00
P202,Psychiatry,2025-05-09 15:55:00,2025-05-09 16:08:00,2025-05-09 17:58:00
P203,Outpatient,2025-05-24 08:21:00,2025-05-24 08:26:00,2025-05-24 10:25:00
P204,Gynaecology,2025-05-24 18:23:00,2025-05-24 18:36:00,2025-05-24 19:53:00
P205,Gynaecology,2025-05-17 18:46:00,2025-05-17 19:13:00,2025-05-17 20:58:00
P206,Gynaecology,2025-05-06 03:24:00,2025-05-06 03:42:00,2025-05-06 04:12:00
P207,Gynaecology,2025-05-28 12:43:00,2025-05-28 13:12:00,2025-05-28 14:44:00
P208,Emergency,2025-05-09 14:35:00,2025-05-09 14:46:00,2025-05-09 16:19:00
P209,Emergency,2025-05-23 06:25:00,2025-05-23 06:33:00,2025-05-23 08:18:00
P210,Outpatient,2025-05-01 23:57:00,2025-05-02 00:08:00,2025-05-02 02:06:00
P211,Outpatient,2025-05-09 11:38:00,2025-05-09 11:44:00,2025-05-09 12:26:00
P212,Psychiatry,2025-05-28 04:35:00,2025-05-28 04:55:00,2025-05-28 06:18:00
P213,Psychiatry,2025-05-26 17:47:00,2025-05-26 17:56:00,2025-05-26 18:33:00
P214,Outpatient,2025-05-14 14:14:00,2025-05-14 14:23:00,2025-05-14 14:44:00
P215,Internal,2025-05-04 19:34:00,2025-05-04 19:56:00,2025-05-04 21:03:00
P216,Pediatrics,2025-05-23 08:34:00,2025-05-23 09:00:00,2025-05-23 10:40:00
P217,Psychiatry,2025-05-04 22:55:00,2025-05-04 23:07:00,2025-05-05 00:02:00
P218,Psychiatry,2025-05-19 17:23:00,2025-05-19 17:38:00,2025-05-19 19:23:00
P219,Emergency,2025-05-04 08:18:00,2025-05-04 08:25:00,2025-05-04 09:52:00
P220,Surgery,2025-05-06 14:14:00,2025-05-06 14:31:00,2025-05-06 15:28:00
P221,Pediatrics,2025-05-10 04:02:00,2025-05-10 04:30:00,2025-05-10 05:34:00
P222,Psychiatry,2025-05-23 12:25:00,2025-05-23 12:41:00,2025-05-23 13:06:00
P223,Psychiatry,2025-05-17 12:10:00,2025-05-17 12:31:00,2025-05-17 13:02:00
P224,Pediatrics,2025-05-25 20:07:00,2025-05-25 20:25:00,2025-05-25 21:25:00
P225,Internal,2025-05-04 14:41:00,2025-05-04 14:46:00,2025-05-04 16:34:00
P226,Pediatrics,2025-05-18 16:01:00,2025-05-18 16:20:00,2025-05-18 17:37:00
P227,Gynaecology,2025-05-16 03:35:00,2025-05-16 03:57:00,2025-05-16 05:32:00
P228,Internal,2025-05-16 13:48:00,2025-05-16 14:07:00,2025-05-16 14:30:00
P229,Emergency,2025-05-22 02:17:00,2025-05-22 02:36:00,2025-05-22 04:02:00
P230,Outpatient,2025-05-07 10:56:00,2025-05-07 11:09:00,2025-05-07 12:59:00
P231,Outpatient,2025-05-20 02:39:00,2025-05-20 03:08:00,2025-05-20 04:11:00
P232,Surgery,2025-05-08 20:23:00,2025-05-08 20:35:00,2025-05-08 22:25:00
P233,Surgery,2025-05-23 17:21:00,2025-05-23 17:26:00,2025-05-23 18:39:00
P234,Gynaecology,2025-05-01 14:57:00,2025-05-01 15:21:00,2025-05-01 16:28:00
P235,Emergency,2025-05-25 19:13:00,2025-05-25 19:23:00,2025-05-25 21:03:00
P236,Psychiatry,2025-05-13 21:31:00,2025-05-13 21:41:00,2025-05-13 22:37:00
P237,Emergency,2025-05-17 18:28:00,2025-05-17 18:33:00,2025-05-17 20:27:00
P238,Pediatrics,2025-05-23 23:04:00,2025-05-23 23:10:00,2025-05-24 01:09:00
P239,Gynaecology,2025-05-15 08:41:00,2025-05-15 09:08:00,2025-05-15 09:49:00
P240,Pediatrics,2025-05-06 12:59:00,2025-05-06 13:10:00,2025-05-06 14:46:00
P241,Surgery,2025-05-13 13:10:00,2025-05-13 13:33:00,2025-05-13 14:20:00
P242,Emergency,2025-05-11 00:12:00,2025-05-11 00:37:00,2025-05-11 02:27:00
P243,Psychiatry,2025-05-18 00:35:00,2025-05-18 01:04:00,2025-05-18 02:30:00
P244,Outpatient,2025-05-20 09:44:00,2025-05-20 10:05:00,2025-05-20 12:00:00
P245,Internal,2025-05-30 18:42:00,2025-05-30 18:47:00,2025-05-30 20:25:00
P246,Emergency,2025-05-09 11:55:00,2025-05-09 12:08:00,2025-05-09 14:04:00
P247,Emergency,2025-05-02 08:21:00,2025-05-02 08:26:00,2025-05-02 08:59:00
P248,Outpatient,2025-05-03 03:03:00,2025-05-03 03:23:00,2025-05-03 04:59:00
P249,Gynaecology,2025-05-01 20:47:00,2025-05-01 21:13:00,2025-05-01 21:38:00
P250,Surgery,2025-05-09 14:41:00,2025-05-09 14:54:00,2025-05-09 16:27:00
P251,Emergency,2025-05-03 14:24:00,2025-05-03 14:38:00,2025-05-03 16:16:00
P252,Internal,2025-05-17 10:03:00,2025-05-17 10:25:00,2025-05-17 11:07:00
P253,Internal,2025-05-19 10:28:00,2025-05-19 10:39:00,2025-05-19 12:04:00
P254,Emergency,2025-05-26 00:50:00,2025-05-26 01:16:00,2025-05-26 02:13:00
P255,Internal,2025-05-18 13:08:00,2025-05-18 13:36:00,2025-05-18 14:47:00
P256,Psychiatry,2025-05-21 15:27:00,2025-05-21 15:50:00,2025-05-21 17:21:00
P257,Internal,2025-05-08 03:13:00,2025-05-08 03:34:00,2025-05-08 05:15:00
P258,Psychiatry,2025-05-16 02:51:00,2025-05-16 03:01:00,2025-05-16 04:04:00
P259,Emergency,2025-05-12 05:50:00,2025-05-12 05:57:00,2025-05-12 07:19:00
P260,Internal,2025-05-04 21:28:00,2025-05-04 21:57:00,2025-05-04 23:33:00
P261,Pediatrics,2025-05-26 15:51:00,2025-05-26 16:13:00,2025-05-26 17:28:00
P262,Surgery,2025-05-13 14:52:00,2025-05-13 15:19:00,2025-05-13 16:48:00
P263,Outpatient,2025-05-18 07:38:00,2025-05-18 07:57:00,2025-05-18 09:02:00
P264,Gynaecology,2025-05-17 06:48:00,2025-05-17 07:03:00,2025-05-17 08:35:00
P265,Psychiatry,2025-05-15 18:35:00,2025-05-15 18:54:00,2025-05-15 19:15:00
P266,Surgery,2025-05-07 23:41:00,2025-05-08 00:10:00,2025-05-08 02:06:00
P267,Outpatient,2025-05-14 22:11:00,2025-05-14 22:26:00,2025-05-15 00:13:00
P268,Internal,2025-05-14 14:57:00,2025-05-14 15:04:00,2025-05-14 16:40:00
P269,Internal,2025-05-27 02:18:00,2025-05-27 02:28:00,2025-05-27 02:50:00
P270,Psychiatry,2025-05-12 14:00:00,2025-05-12 14:20:00,2025-05-12 15:02:00
P271,Emergency,2025-05-16 17:49:00,2025-05-16 18:09:00,2025-05-16 19:14:00
P272,Outpatient,2025-05-29 03:25:00,2025-05-29 03:42:00,2025-05-29 05:21:00
P273,Gynaecology,2025-05-22 00:20:00,2025-05-22 00:35:00,2025-05-22 01:33:00
P274,Emergency,2025-05-22 12:21:00,2025-05-22 12:43:00,2025-05-22 14:05:00
P275,Psychiatry,2025-05-14 08:10:00,2025-05-14 08:36:00,2025-05-14 10:24:00
P276,Internal,2025-05-12 12:01:00,2025-05-12 12:09:00,2025-05-12 12:53:00
P277,Gynaecology,2025-05-10 17:29:00,2025-05-10 17:45:00,2025-05-10 18:11:00
P278,Internal,2025-05-25 11:24:00,2025-05-25 11:31:00,2025-05-25 11:58:00
P279,Psychiatry,2025-05-01 12:47:00,2025-05-01 13:13:00,2025-05-01 13:49:00
P280,Pediatrics,2025-05-07 17:00:00,2025-05-07 17:13:00,2025-05-07 18:43:00
P281,Gynaecology,2025-05-27 06:29:00,2025-05-27 06:44:00,2025-05-27 08:41:00
P282,Internal,2025-05-30 03:08:00,2025-05-30 03:34:00,2025-05-30 05:33:00
P283,Gynaecology,2025-05-29 21:37:00,2025-05-29 21:56:00,2025-05-29 23:07:00
P284,Pediatrics,2025-05-18 15:44:00,2025-05-18 15:58:00,2025-05-18 17:52:00
P285,Surgery,2025-05-10 08:51:00,2025-05-10 08:58:00,2025-05-10 10:30:00
P286,Surgery,2025-05-23 13:58:00,2025-05-23 14:11:00,2025-05-23 14:38:00
P287,Surgery,2025-05-30 12:56:00,2025-05-30 13:15:00,2025-05-30 13:50:00
P288,Gynaecology,2025-05-26 18:05:00,2025-05-26 18:18:00,2025-05-26 20:03:00
P289,Psychiatry,2025-05-12 09:20:00,2025-05-12 09:31:00,2025-05-12 10:11:00
P290,Gynaecology,2025-05-21 18:51:00,2025-05-21 19:14:00,2025-05-21 20:01:00
P291,Internal,2025-05-14 20:16:00,2025-05-14 20:21:00,2025-05-14 22:03:00
P292,Outpatient,2025-05-04 09:12:00,2025-05-04 09:27:00,2025-05-04 10:28:00
P293,Outpatient,2025-05-10 06:00:00,2025-05-10 06:24:00,2025-05-10 07:46:00
P294,Outpatient,2025-05-24 14:39:00,2025-05-24 15:07:00,2025-05-24 16:05:00
P295,Emergency,2025-05-18 00:32:00,2025-05-18 01:01:00,2025-05-18 02:43:00
P296,Outpatient,2025-05-12 05:35:00,2025-05-12 05:42:00,2025-05-12 06:05:00
P297,Outpatient,2025-05-06 06:53:00,2025-05-06 07:20:00,2025-05-06 08:12:00
P298,Internal,2025-05-07 23:24:00,2025-05-07 23:50:00,2025-05-08 00:39:00
P299,Outpatient,2025-05-21 11:34:00,2025-05-21 11:41:00,2025-05-21 13:12:00
P300,Internal,2025-05-08 00:55:00,2025-05-08 01:22:00,2025-05-08 03:20:00
P301,Gynaecology,2025-05-30 10:58:00,2025-05-30 11:18:00,2025-05-30 13:17:00
P302,Surgery,2025-05-05 11:03:00,2025-05-05 11:24:00,2025-05-05 12:28:00
P303,Surgery,2025-05-27 19:05:00,2025-05-27 19:33:00,2025-05-27 20:03:00
P304,Internal,2025-05-24 08:43:00,2025-05-24 08:49:00,2025-05-24 10:35:00
P305,Internal,2025-05-09 05:59:00,2025-05-09 06:11:00,2025-05-09 08:10:00
P306,Gynaecology,2025-05-24 13:43:00,2025-05-24 13:51:00,2025-05-24 14:56:00
P307,Surgery,2025-05-06 06:27:00,2025-05-06 06:42:00,2025-05-06 07:52:00
P308,Internal,2025-05-14 19:19:00,2025-05-14 19:45:00,2025-05-14 21:21:00
P309,Pediatrics,2025-05-29 14:19:00,2025-05-29 14:28:00,2025-05-29 15:27:00
P310,Internal,2025-05-24 08:49:00,2025-05-24 09:17:00,2025-05-24 10:51:00
P311,Pediatrics,2025-05-25 03:50:00,2025-05-25 04:03:00,2025-05-25 05:38:00
P312,Outpatient,2025-05-12 15:06:00,2025-05-12 15:35:00,2025-05-12 16:41:00
P313,Outpatient,2025-05-24 15:31:00,2025-05-24 15:46:00,2025-05-24 17:05:00
P314,Internal,2025-05-20 12:58:00,2025-05-20 13:25:00,2025-05-20 15:12:00
P315,Gynaecology,2025-05-23 23:49:00,2025-05-24 00:04:00,2025-05-24 00:48:00
P316,Internal,2025-05-04 23:47:00,2025-05-05 00:02:00,2025-05-05 01:29:00
P317,Outpatient,2025-05-05 14:43:00,2025-05-05 14:52:00,2025-05-05 16:50:00
P318,Emergency,2025-05-10 10:20:00,2025-05-10 10:37:00,2025-05-10 11:04:00
P319,Emergency,2025-05-15 14:28:00,2025-05-15 14:57:00,2025-05-15 15:56:00
P320,Gynaecology,2025-05-28 03:14:00,2025-05-28 03:27:00,2025-05-28 04:19:00
P321,Psychiatry,2025-05-14 05:40:00,2025-05-14 06:07:00,2025-05-14 07:06:00
P322,Outpatient,2025-05-29 18:08:00,2025-05-29 18:25:00,2025-05-29 19:20:00
P323,Surgery,2025-05-29 13:16:00,2025-05-29 13:42:00,2025-05-29 14:16:00
P324,Pediatrics,2025-05-23 08:49:00,2025-05-23 09:12:00,2025-05-23 10:17:00
P325,Gynaecology,2025-05-22 23:26:00,2025-05-22 23:32:00,2025-05-23 01:23:00
P326,Emergency,2025-05-30 17:21:00,2025-05-30 17:39:00,2025-05-30 18:51:00
P327,Internal,2025-05-27 13:47:00,2025-05-27 14:02:00,2025-05-27 14:40:00
P328,Psychiatry,2025-05-19 02:28:00,2025-05-19 02:47:00,2025-05-19 03:10:00
P329,Pediatrics,2025-05-10 16:56:00,2025-05-10 17:06:00,2025-05-10 18:44:00
P330,Pediatrics,2025-05-03 17:26:00,2025-05-03 17:38:00,2025-05-03 18:34:00
P331,Emergency,2025-05-20 01:41:00,2025-05-20 01:47:00,2025-05-20 02:57:00
P332,Gynaecology,2025-05-23 21:35:00,2025-05-23 21:42:00,2025-05-23 23:25:00
P333,Internal,2025-05-10 07:56:00,2025-05-10 08:13:00,2025-05-10 09:26:00
P334,Emergency,2025-05-16 22:24:00,2025-05-16 22:50:00,2025-05-17 00:31:00
P335,Emergency,2025-05-12 09:49:00,2025-05-12 10:09:00,2025-05-12 11:00:00
P336,Emergency,2025-05-25 11:34:00,2025-05-25 11:40:00,2025-05-25 12:19:00
P337,Outpatient,2025-05-19 00:21:00,2025-05-19 00:50:00,2025-05-19 02:17:00
P338,Pediatrics,2025-05-10 07:16:00,2025-05-10 07:22:00,2025-05-10 07:45:00
P339,Psychiatry,2025-05-18 05:43:00,2025-05-18 05:50:00,2025-05-18 07:02:00
P340,Emergency,2025-05-21 14:59:00,2025-05-21 15:10:00,2025-05-21 16:23:00
P341,Pediatrics,2025-05-28 23:25:00,2025-05-28 23:44:00,2025-05-29 01:32:00
P342,Internal,2025-05-08 15:59:00,2025-05-08 16:09:00,2025-05-08 17:21:00
P343,Surgery,2025-05-26 22:32:00,2025-05-26 22:47:00,2025-05-26 23:45:00
P344,Surgery,2025-05-16 22:44:00,2025-05-16 23:12:00,2025-05-16 23:47:00
P345,Outpatient,2025-05-03 23:31:00,2025-05-03 23:42:00,2025-05-04 00:25:00
P346,Psychiatry,2025-05-11 04:56:00,2025-05-11 05:03:00,2025-05-11 06:01:00
P347,Gynaecology,2025-05-07 18:30:00,2025-05-07 18:49:00,2025-05-07 19:20:00
P348,Gynaecology,2025-05-02 03:30:00,2025-05-02 03:58:00,2025-05-02 04:31:00
P349,Surgery,2025-05-18 08:53:00,2025-05-18 09:13:00,2025-05-18 10:27:00
P350,Emergency,2025-05-29 17:08:00,2025-05-29 17:29:00,2025-05-29 18:31:00
P351,Pediatrics,2025-05-01 03:51:00,2025-05-01 04:16:00,2025-05-01 04:55:00
P352,Internal,2025-05-23 09:08:00,2025-05-23 09:18:00,2025-05-23 10:14:00
P353,Pediatrics,2025-05-09 11:46:00,2025-05-09 12:00:00,2025-05-09 12:23:00
P354,Pediatrics,2025-05-14 10:03:00,2025-05-14 10:09:00,2025-05-14 10:59:00
P355,Surgery,2025-05-19 23:58:00,2025-05-20 00:07:00,2025-05-20 00:42:00
P356,Psychiatry,2025-05-19 20:47:00,2025-05-19 21:03:00,2025-05-19 22:47:00
P357,Emergency,2025-05-24 00:24:00,2025-05-24 00:42:00,2025-05-24 01:16:00
P358,Pediatrics,2025-05-08 22:12:00,2025-05-08 22:36:00,2025-05-08 23:26:00
P359,Pediatrics,2025-05-22 01:12:00,2025-05-22 01:35:00,2025-05-22 01:58:00
P360,Gynaecology,2025-05-30 23:31:00,2025-05-30 23:43:00,2025-05-31 01:25:00
P361,Emergency,2025-05-18 09:14:00,2025-05-18 09:24:00,2025-05-18 10:05:00
P362,Internal,2025-05-01 11:21:00,2025-05-01 11:34:00,2025-05-01 12:46:00
P363,Internal,2025-05-27 08:37:00,2025-05-27 09:00:00,2025-05-27 09:48:00
P364,Emergency,2025-05-23 17:10:00,2025-05-23 17:15:00,2025-05-23 18:23:00
P365,Surgery,2025-05-03 08:55:00,2025-05-03 09:17:00,2025-05-03 09:51:00
P366,Internal,2025-05-14 16:11:00,2025-05-14 16:36:00,2025-05-14 17:03:00
P367,Gynaecology,2025-05-22 04:01:00,2025-05-22 04:22:00,2025-05-22 05:46:00
P368,Gynaecology,2025-05-08 09:34:00,2025-05-08 09:59:00,2025-05-08 11:01:00
P369,Psychiatry,2025-05-22 21:53:00,2025-05-22 22:12:00,2025-05-22 23:56:00
P370,Outpatient,2025-05-01 02:49:00,2025-05-01 03:14:00,2025-05-01 04:53:00
P371,Outpatient,2025-05-26 22:06:00,2025-05-26 22:26:00,2025-05-26 22:50:00
P372,Emergency,2025-05-21 13:00:00,2025-05-21 13:15:00,2025-05-21 14:44:00
P373,Gynaecology,2025-05-09 18:44:00,2025-05-09 18:57:00,2025-05-09 20:05:00
P374,Pediatrics,2025-05-24 19:25:00,2025-05-24 19:40:00,2025-05-24 20:45:00
P375,Psychiatry,2025-05-17 20:00:00,2025-05-17 20:19:00,2025-05-17 21:51:00
P376,Surgery,2025-05-15 06:57:00,2025-05-15 07:18:00,2025-05-15 08:15:00
P377,Gynaecology,2025-05-16 14:16:00,2025-05-16 14:34:00,2025-05-16 15:37:00
P378,Internal,2025-05-01 06:27:00,2025-05-01 06:50:00,2025-05-01 07:22:00
P379,Pediatrics,2025-05-09 22:45:00,2025-05-09 23:14:00,2025-05-10 00:36:00
P380,Pediatrics,2025-05-09 07:25:00,2025-05-09 07:38:00,2025-05-09 08:08:00
P381,Surgery,2025-05-20 19:23:00,2025-05-20 19:46:00,2025-05-20 20:29:00
P382,Outpatient,2025-05-28 00:01:00,2025-05-28 00:21:00,2025-05-28 01:58:00
P383,Emergency,2025-05-15 03:42:00,2025-05-15 03:57:00,2025-05-15 04:54:00
P384,Emergency,2025-05-30 22:09:00,2025-05-30 22:34:00,2025-05-30 23:54:00
P385,Pediatrics,2025-05-05 14:42:00,2025-05-05 15:10:00,2025-05-05 15:49:00
P386,Psychiatry,2025-05-30 14:33:00,2025-05-30 14:40:00,2025-05-30 15:26:00
P387,Pediatrics,2025-05-17 15:40:00,2025-05-17 15:52:00,2025-05-17 16:18:00
P388,Emergency,2025-05-02 20:58:00,2025-05-02 21:23:00,2025-05-02 22:37:00
P389,Pediatrics,2025-05-15 11:50:00,2025-05-15 12:10:00,2025-05-15 12:39:00
P390,Emergency,2025-05-26 12:08:00,2025-05-26 12:17:00,2025-05-26 13:19:00
P391,Surgery,2025-05-07 02:28:00,2025-05-07 02:45:00,2025-05-07 04:21:00
P392,Outpatient,2025-05-29 06:53:00,2025-05-29 07:02:00,2025-05-29 08:54:00
P393,Surgery,2025-05-13 17:06:00,2025-05-13 17:29:00,2025-05-13 18:37:00
P394,Psychiatry,2025-05-21 04:28:00,2025-05-21 04:45:00,2025-05-21 06:05:00
P395,Outpatient,2025-05-04 20:44:00,2025-05-04 20:51:00,2025-05-04 21:23:00
P396,Pediatrics,2025-05-04 14:11:00,2025-05-04 14:30:00,2025-05-04 15:00:00
P397,Surgery,2025-05-09 15:25:00,2025-05-09 15:44:00,2025-05-09 17:00:00
P398,Emergency,2025-05-22 12:50:00,2025-05-22 13:14:00,2025-05-22 14:31:00
P399,Pediatrics,2025-05-14 22:55:00,2025-05-14 23:24:00,2025-05-15 01:08:00
P400,Surgery,2025-05-20 21:13:00,2025-05-20 21:24:00,2025-05-20 23:07:00
P401,Gynaecology,2025-05-30 08:55:00,2025-05-30 09:00:00,2025-05-30 10:39:00
P402,Outpatient,2025-05-01 04:36:00,2025-05-01 04:46:00,2025-05-01 06:34:00
P403,Surgery,2025-05-04 14:55:00,2025-05-04 15:21:00,2025-05-04 16:17:00
P404,Pediatrics,2025-05-09 10:23:00,2025-05-09 10:42:00,2025-05-09 11:57:00
P405,Surgery,2025-05-09 23:21:00,2025-05-09 23:33:00,2025-05-10 00:24:00
P406,Surgery,2025-05-24 19:13:00,2025-05-24 19:36:00,2025-05-24 21:16:00
P407,Gynaecology,2025-05-08 16:21:00,2025-05-08 16:47:00,2025-05-08 18:02:00
P408,Outpatient,2025-05-16 15:53:00,2025-05-16 16:20:00,2025-05-16 16:48:00
P409,Pediatrics,2025-05-08 05:05:00,2025-05-08 05:22:00,2025-05-08 06:25:00
P410,Surgery,2025-05-28 19:56:00,2025-05-28 20:02:00,2025-05-28 20:39:00
P411,Outpatient,2025-05-24 18:01:00,2025-05-24 18:08:00,2025-05-24 20:00:00
P412,Psychiatry,2025-05-10 12:14:00,2025-05-10 12:29:00,2025-05-10 13:24:00
P413,Psychiatry,2025-05-20 19:38:00,2025-05-20 19:52:00,2025-05-20 20:51:00
P414,Emergency,2025-05-23 13:12:00,2025-05-23 13:21:00,2025-05-23 14:28:00
P415,Emergency,2025-05-08 15:04:00,2025-05-08 15:09:00,2025-05-08 16:44:00
P416,Outpatient,2025-05-28 09:24:00,2025-05-28 09:52:00,2025-05-28 11:27:00
P417,Surgery,2025-05-21 02:36:00,2025-05-21 02:57:00,2025-05-21 04:29:00
P418,Psychiatry,2025-05-14 00:11:00,2025-05-14 00:26:00,2025-05-14 01:23:00
P419,Psychiatry,2025-05-22 07:50:00,2025-05-22 08:12:00,2025-05-22 08:40:00
P420,Internal,2025-05-29 21:09:00,2025-05-29 21:32:00,2025-05-29 22:03:00
P421,Outpatient,2025-05-30 19:51:00,2025-05-30 20:01:00,2025-05-30 20:41:00
P422,Internal,2025-05-28 04:15:00,2025-05-28 04:36:00,2025-05-28 05:57:00
P423,Emergency,2025-05-21 19:46:00,2025-05-21 19:56:00,2025-05-21 20:17:00
P424,Emergency,2025-05-28 13:34:00,2025-05-28 14:00:00,2025-05-28 15:10:00
P425,Surgery,2025-05-06 20:06:00,2025-05-06 20:22:00,2025-05-06 20:45:00
P426,Gynaecology,2025-05-16 09:27:00,2025-05-16 09:34:00,2025-05-16 10:41:00
P427,Psychiatry,2025-05-15 03:56:00,2025-05-15 04:24:00,2025-05-15 05:25:00
P428,Psychiatry,2025-05-23 17:00:00,2025-05-23 17:11:00,2025-05-23 17:50:00
P429,Gynaecology,2025-05-17 13:05:00,2025-05-17 13:22:00,2025-05-17 14:55:00
P430,Surgery,2025-05-11 05:28:00,2025-05-11 05:45:00,2025-05-11 07:22:00
P431,Outpatient,2025-05-05 15:06:00,2025-05-05 15:30:00,2025-05-05 16:38:00
P432,Gynaecology,2025-05-10 21:10:00,2025-05-10 21:25:00,2025-05-10 22:42:00
P433,Surgery,2025-05-30 21:40:00,2025-05-30 22:08:00,2025-05-30 22:42:00
P434,Emergency,2025-05-03 22:18:00,2025-05-03 22:38:00,2025-05-03 23:26:00
P435,Emergency,2025-05-14 20:53:00,2025-05-14 21:08:00,2025-05-14 22:55:00
P436,Surgery,2025-05-29 20:14:00,2025-05-29 20:39:00,2025-05-29 21:07:00
P437,Gynaecology,2025-05-02 17:03:00,2025-05-02 17:08:00,2025-05-02 18:55:00
P438,Surgery,2025-05-29 21:59:00,2025-05-29 22:16:00,2025-05-29 23:05:00
P439,Surgery,2025-05-21 14:17:00,2025-05-21 14:26:00,2025-05-21 15:51:00
P440,Outpatient,2025-05-25 10:02:00,2025-05-25 10:12:00,2025-05-25 11:52:00
P441,Gynaecology,2025-05-27 21:13:00,2025-05-27 21:39:00,2025-05-27 22:15:00
P442,Pediatrics,2025-05-24 05:43:00,2025-05-24 06:08:00,2025-05-24 07:30:00
P443,Psychiatry,2025-05-25 23:05:00,2025-05-25 23:25:00,2025-05-26 01:20:00
P444,Internal,2025-05-30 21:05:00,2025-05-30 21:27:00,2025-05-30 22:45:00
P445,Gynaecology,2025-05-14 10:55:00,2025-05-14 11:15:00,2025-05-14 13:03:00
P446,Surgery,2025-05-21 16:13:00,2025-05-21 16:23:00,2025-05-21 16:43:00
P447,Internal,2025-05-29 12:15:00,2025-05-29 12:31:00,2025-05-29 13:05:00
P448,Psychiatry,2025-05-24 19:03:00,2025-05-24 19:17:00,2025-05-24 19:55:00
P449,Internal,2025-05-05 06:01:00,2025-05-05 06:19:00,2025-05-05 07:27:00
P450,Outpatient,2025-05-20 00:34:00,2025-05-20 00:48:00,2025-05-20 01:26:00
P451,Emergency,2025-05-14 23:11:00,2025-05-14 23:18:00,2025-05-15 00:38:00
P452,Emergency,2025-05-01 10:30:00,2025-05-01 10:48:00,2025-05-01 12:11:00
P453,Pediatrics,2025-05-26 08:25:00,2025-05-26 08:37:00,2025-05-26 09:59:00
P454,Gynaecology,2025-05-20 16:40:00,2025-05-20 17:03:00,2025-05-20 17:54:00
P455,Internal,2025-05-16 22:09:00,2025-05-16 22:27:00,2025-05-17 00:10:00
P456,Surgery,2025-05-27 06:30:00,2025-05-27 06:56:00,2025-05-27 08:51:00
P457,Internal,2025-05-12 04:41:00,2025-05-12 04:55:00,2025-05-12 06:03:00
P458,Psychiatry,2025-05-02 20:59:00,2025-05-02 21:06:00,2025-05-02 22:25:00
P459,Pediatrics,2025-05-04 00:33:00,2025-05-04 00:41:00,2025-05-04 02:40:00
P460,Psychiatry,2025-05-10 08:09:00,2025-05-10 08:25:00,2025-05-10 10:15:00
P461,Internal,2025-05-17 17:27:00,2025-05-17 17:48:00,2025-05-17 19:22:00
P462,Emergency,2025-05-12 13:57:00,2025-05-12 14:04:00,2025-05-12 15:31:00
P463,Psychiatry,2025-05-13 20:34:00,2025-05-13 20:57:00,2025-05-13 22:36:00
P464,Emergency,2025-05-03 17:09:00,2025-05-03 17:22:00,2025-05-03 18:32:00
P465,Pediatrics,2025-05-19 17:28:00,2025-05-19 17:33:00,2025-05-19 18:56:00
P466,Psychiatry,2025-05-07 17:55:00,2025-05-07 18:16:00,2025-05-07 20:01:00
P467,Pediatrics,2025-05-26 13:24:00,2025-05-26 13:44:00,2025-05-26 14:09:00
P468,Outpatient,2025-05-24 15:45:00,2025-05-24 16:14:00,2025-05-24 17:18:00
P469,Pediatrics,2025-05-07 15:36:00,2025-05-07 16:03:00,2025-05-07 16:29:00
P470,Gynaecology,2025-05-30 19:22:00,2025-05-30 19:38:00,2025-05-30 21:28:00
P471,Gynaecology,2025-05-30 10:31:00,2025-05-30 10:55:00,2025-05-30 12:44:00
P472,Gynaecology,2025-05-04 21:40:00,2025-05-04 22:04:00,2025-05-04 23:20:00
P473,Internal,2025-05-28 22:57:00,2025-05-28 23:05:00,2025-05-29 00:45:00
P474,Internal,2025-05-22 10:27:00,2025-05-22 10:51:00,2025-05-22 11:11:00
P475,Emergency,2025-05-22 19:43:00,2025-05-22 19:54:00,2025-05-22 20:57:00
P476,Gynaecology,2025-05-03 17:29:00,2025-05-03 17:46:00,2025-05-03 18:19:00
P477,Emergency,2025-05-18 09:44:00,2025-05-18 09:55:00,2025-05-18 10:33:00
P478,Internal,2025-05-27 15:39:00,2025-05-27 15:49:00,2025-05-27 16:50:00
P479,Surgery,2025-05-15 18:26:00,2025-05-15 18:47:00,2025-05-15 19:23:00
P480,Gynaecology,2025-05-01 12:27:00,2025-05-01 12:56:00,2025-05-01 13:20:00
P481,Outpatient,2025-05-20 08:55:00,2025-05-20 09:11:00,2025-05-20 10:40:00
P482,Surgery,2025-05-12 19:28:00,2025-05-12 19:37:00,2025-05-12 20:22:00
P483,Pediatrics,2025-05-06 09:58:00,2025-05-06 10:07:00,2025-05-06 10:49:00
P484,Gynaecology,2025-05-21 10:52:00,2025-05-21 10:58:00,2025-05-21 12:12:00
P485,Emergency,2025-05-13 00:46:00,2025-05-13 01:06:00,2025-05-13 01:40:00
P486,Pediatrics,2025-05-01 17:38:00,2025-05-01 17:44:00,2025-05-01 19:19:00
P487,Psychiatry,2025-05-20 15:11:00,2025-05-20 15:22:00,2025-05-20 16:20:00
P488,Internal,2025-05-02 16:14:00,2025-05-02 16:39:00,2025-05-02 18:24:00
P489,Internal,2025-05-06 19:52:00,2025-05-06 20:02:00,2025-05-06 21:44:00
P490,Pediatrics,2025-05-19 06:11:00,2025-05-19 06:25:00,2025-05-19 07:12:00
P491,Emergency,2025-05-10 08:07:00,2025-05-10 08:16:00,2025-05-10 09:38:00
P492,Outpatient,2025-05-15 07:18:00,2025-05-15 07:37:00,2025-05-15 09:13:00
P493,Emergency,2025-05-11 04:28:00,2025-05-11 04:39:00,2025-05-11 05:48:00
P494,Internal,2025-05-10 08:54:00,2025-05-10 09:13:00,2025-05-10 10:30:00
P495,Pediatrics,2025-05-20 13:31:00,2025-05-20 13:46:00,2025-05-20 14:38:00
P496,Emergency,2025-05-17 19:37:00,2025-05-17 19:54:00,2025-05-17 20:46:00
P497,Gynaecology,2025-05-01 17:26:00,2025-05-01 17:47:00,2025-05-01 18:55:00
P498,Outpatient,2025-05-20 17:37:00,2025-05-20 17:48:00,2025-05-20 18:13:00
P499,Gynaecology,2025-05-29 14:53:00,2025-05-29 15:21:00,2025-05-29 17:15:00
P500,Pediatrics,2025-05-28 03:50:00,2025-05-28 03:55:00,2025-05-28 04:49:00
